{"cameraMode":{"drawMode":0,"name":"Shaded","section":"Shading Mode"},"sceneLighting":true,"audioPlay":false,"sceneViewState":{"m_AlwaysRefresh":false,"showFog":true,"showSkybox":true,"showFlares":true,"showImageEffects":true,"showParticleSystems":true,"showVisualEffectGraphs":true,"m_FxEnabled":true},"in2DMode":false,"pivot":{"x":525.8356323242188,"y":120.19903564453125,"z":-161.42767333984376},"rotation":{"x":0.06143318489193916,"y":0.030234359204769136,"z":-0.0018617850728332997,"w":0.9976529479026794},"size":467.2886657714844,"orthographic":false}