{"cameraMode":{"drawMode":0,"name":"Shaded","section":"Shading Mode"},"sceneLighting":true,"audioPlay":false,"sceneViewState":{"m_AlwaysRefresh":false,"showFog":true,"showSkybox":true,"showFlares":true,"showImageEffects":true,"showParticleSystems":true,"showVisualEffectGraphs":true,"m_FxEnabled":true},"in2DMode":false,"pivot":{"x":-70.66246032714844,"y":-0.989499568939209,"z":-242.96566772460938},"rotation":{"x":0.013406813144683838,"y":0.11701668053865433,"z":-0.0015798496315255762,"w":0.9930379986763},"size":133.34788513183595,"orthographic":false}